dataset,date_ym,n,n_id,n_id_distinct
a_e,2011-01,116205,116205,104370
a_e,2011-02,104900,104900,94805
a_e,2011-03,122565,122565,109945
a_e,2011-04,121695,121695,108960
a_e,2011-05,126090,126090,113195
a_e,2011-06,120385,120385,108125
a_e,2011-07,121280,121280,108435
a_e,2011-08,120705,120705,108455
a_e,2011-09,120830,120830,108735
a_e,2011-10,117615,117615,105815
a_e,2011-11,113225,113225,102095
a_e,2011-12,114750,114750,103300
a_e,2012-01,115930,115930,104255
a_e,2012-02,113855,113855,102430
a_e,2012-03,132225,132225,118425
a_e,2012-04,122345,122345,109855
a_e,2012-05,131405,131405,117745
a_e,2012-06,122560,122560,110060
a_e,2012-07,118410,118410,106130
a_e,2012-08,126310,126310,113115
a_e,2012-09,122800,122800,110510
a_e,2012-10,119125,119125,107040
a_e,2012-11,115675,115675,104245
a_e,2012-12,119190,119190,107280
a_e,2013-01,113890,113890,102510
a_e,2013-02,108965,108965,98425
a_e,2013-03,120145,120145,108045
a_e,2013-04,122005,122005,109855
a_e,2013-05,127115,127115,114275
a_e,2013-06,125780,125780,112800
a_e,2013-07,128815,128815,115395
a_e,2013-08,127215,127215,114155
a_e,2013-09,123060,123060,110950
a_e,2013-10,120050,120050,108095
a_e,2013-11,114720,114720,103490
a_e,2013-12,115540,115540,103920
a_e,2014-01,118280,118280,106385
a_e,2014-02,112515,112515,101780
a_e,2014-03,130000,130000,116905
a_e,2014-04,124150,124150,111645
a_e,2014-05,132940,132940,119060
a_e,2014-06,131030,131030,117615
a_e,2014-07,128630,128630,115140
a_e,2014-08,126115,126115,113350
a_e,2014-09,129360,129360,115995
a_e,2014-10,121910,121910,109440
a_e,2014-11,120105,120105,107780
a_e,2014-12,118420,118420,106415
a_e,2015-01,118760,118760,107050
a_e,2015-02,111450,111450,100905
a_e,2015-03,126370,126370,113985
a_e,2015-04,122905,122905,110455
a_e,2015-05,125250,125250,112815
a_e,2015-06,121915,121915,109905
a_e,2015-07,117365,117365,105460
a_e,2015-08,126485,126485,113500
a_e,2015-09,124365,124365,111900
a_e,2015-10,121400,121400,109085
a_e,2015-11,117455,117455,105725
a_e,2015-12,113955,113955,102560
a_e,2016-01,118720,118720,106805
a_e,2016-02,117700,117700,106405
a_e,2016-03,132890,132890,119075
a_e,2016-04,120840,120840,108705
a_e,2016-05,134305,134305,120385
a_e,2016-06,126110,126110,113460
a_e,2016-07,121330,121330,108605
a_e,2016-08,126505,126505,113745
a_e,2016-09,130655,130655,117475
a_e,2016-10,127270,127270,114100
a_e,2016-11,121625,121625,109305
a_e,2016-12,123645,123645,110695
a_e,2017-01,123305,123305,110600
a_e,2017-02,113640,113640,102565
a_e,2017-03,132640,132640,118540
a_e,2017-04,129010,129010,114760
a_e,2017-05,142680,142680,126920
a_e,2017-06,131535,131535,117520
a_e,2017-07,129440,129440,115050
a_e,2017-08,132810,132810,118255
a_e,2017-09,134360,134360,119730
a_e,2017-10,132370,132370,118285
a_e,2017-11,127830,127830,114195
a_e,2017-12,136075,136075,121030
a_e,2018-01,124970,124970,111440
a_e,2018-02,117695,117695,105205
a_e,2018-03,133070,133070,118165
a_e,2018-04,132535,132535,117950
a_e,2018-05,144615,144615,128510
a_e,2018-06,138795,138795,123420
a_e,2018-07,137735,137735,121855
a_e,2018-08,136580,136580,121210
a_e,2018-09,134170,134170,119420
a_e,2018-10,133345,133345,118570
a_e,2018-11,131535,131535,116795
a_e,2018-12,133465,133465,118290
a_e,2019-01,135380,135380,120060
a_e,2019-02,126015,126015,112320
a_e,2019-03,139125,139125,123415
a_e,2019-04,139885,139885,123400
a_e,2019-05,144110,144110,127635
a_e,2019-06,140595,140595,124360
a_e,2019-07,142535,142535,125785
a_e,2019-08,144565,144565,127295
a_e,2019-09,143955,143955,127815
a_e,2019-10,140865,140865,124860
a_e,2019-11,136715,136715,121445
a_e,2019-12,135805,135805,120555
a_e,2020-01,134690,134690,119675
a_e,2020-02,123845,123845,110645
a_e,2020-03,99630,99630,89310
a_e,2020-04,67260,67260,60505
a_e,2020-05,90325,90325,80530
a_e,2020-06,102380,102380,91250
a_e,2020-07,111895,111895,99485
a_e,2020-08,121455,121455,107760
a_e,2020-09,114575,114575,102155
a_e,2020-10,106630,106630,95215
a_e,2020-11,105650,105650,89570
a_e,2020-12,103280,103280,86190
a_e,2021-01,99660,99660,81490
a_e,2021-02,92505,92505,76470
a_e,2021-03,118380,118380,97220
a_e,2021-04,159770,159770,107470
a_e,2021-05,174965,174965,118890
a_e,2021-06,171135,171135,125695
a_e,2021-07,172455,172455,120835
a_e,2021-08,180310,180310,123480
a_e,2021-09,150755,150755,120515
a_e,2021-10,140230,140230,114495
a_e,2021-11,136200,136200,110700
a_e,2021-12,128510,128510,103525
a_e,2022-01,130495,130495,103695
a_e,2022-02,128335,128335,103315
a_e,2022-03,151005,151005,119810
a_e,2022-04,141415,141415,112340
a_e,2022-05,160290,160290,126215
a_e,2022-06,156075,156075,122295
a_e,2022-07,150620,150620,116030
a_e,2022-08,165415,165415,121340
a_e,2022-09,155035,155035,119085
a_e,2022-10,166740,166740,117435
a_e,2022-11,171465,171465,115385
a_e,2022-12,170550,170550,117285
a_e,2023-01,158095,158095,105020
a_e,2023-02,146745,146745,102180
a_e,2023-03,169150,169150,118365
a_e,2023-04,160675,160675,113320
a_e,2023-05,151535,151535,125660
a_e,2023-06,145340,145340,124005
a_e,2023-07,8420,8420,7935
cog_uk_metadata,-,10,10,10
cog_uk_metadata,2020-02,10,10,10
cog_uk_metadata,2020-03,1345,1345,1345
cog_uk_metadata,2020-04,2880,2880,2875
cog_uk_metadata,2020-05,930,930,925
cog_uk_metadata,2020-06,115,115,115
cog_uk_metadata,2020-07,75,75,70
cog_uk_metadata,2020-08,1080,1080,1030
cog_uk_metadata,2020-09,2055,2055,2035
cog_uk_metadata,2020-10,2685,2685,2670
cog_uk_metadata,2020-11,1000,1000,990
cog_uk_metadata,2020-12,1360,1360,1355
cog_uk_metadata,2021-01,2625,2625,2610
cog_uk_metadata,2021-02,5195,5195,5150
cog_uk_metadata,2021-03,10680,10680,10470
cog_uk_metadata,2021-04,5055,5055,4955
cog_uk_metadata,2021-05,7400,7400,7240
cog_uk_metadata,2021-06,14750,14750,14550
cog_uk_metadata,2021-07,9065,9065,9005
cog_uk_metadata,2021-08,11340,11340,11265
cog_uk_metadata,2021-09,21635,21635,21480
cog_uk_metadata,2021-10,14575,14575,14475
cog_uk_metadata,2021-11,20240,20240,20090
cog_uk_metadata,2021-12,20855,20855,20765
cog_uk_metadata,2022-01,22835,22835,22730
cog_uk_metadata,2022-02,48015,48015,47640
cog_uk_metadata,2022-03,60000,60000,59655
cog_uk_metadata,2022-04,26910,26910,26685
cog_uk_metadata,2022-05,5630,5630,5555
cog_uk_metadata,2022-06,8795,8795,8650
cog_uk_metadata,2022-07,7360,7360,7255
cog_uk_metadata,2022-08,3040,3040,2980
cog_uk_metadata,2022-09,2040,2040,2005
cog_uk_metadata,2022-10,2370,2370,2330
cog_uk_metadata,2022-11,1610,1610,1585
cog_uk_metadata,2022-12,2410,2410,2370
cog_uk_metadata,2023-01,1780,1780,1735
cog_uk_metadata,2023-02,1370,1370,1345
cog_uk_metadata,2023-03,2200,2200,2150
cog_uk_metadata,2023-04,1120,1120,1105
cog_uk_metadata,2023-05,415,415,410
cog_uk_metadata,2023-06,165,165,165
covid_testing_lect,2020-03,25865,25865,18270
covid_testing_lect,2020-04,59460,59460,47660
covid_testing_lect,2020-05,153930,153930,117730
covid_testing_lect,2020-06,190230,190230,124775
covid_testing_lect,2020-07,308975,308975,154620
covid_testing_lect,2020-08,481635,481635,307610
covid_testing_lect,2020-09,486160,486160,291585
covid_testing_lect,2020-10,540880,540880,337320
covid_testing_lect,2020-11,279600,279600,170260
covid_testing_lect,2020-12,686815,686815,410035
covid_testing_lect,2021-01,1004980,1004980,444590
covid_testing_lect,2021-02,1267500,1267500,451615
covid_testing_lect,2021-03,1972135,1972135,594725
covid_testing_lect,2021-04,1669705,1669705,553370
covid_testing_lect,2021-05,2130230,2130230,698145
covid_testing_lect,2021-06,2310130,2310130,897285
covid_testing_lect,2021-07,2113345,2113345,829115
covid_testing_lect,2021-08,2595360,2595360,1070420
covid_testing_lect,2021-09,3389370,3389370,1400390
covid_testing_lect,2021-10,2486030,2486030,1026510
covid_testing_lect,2021-11,1274620,1274620,515620
covid_testing_lect,2021-12,4593435,4593435,1585375
covid_testing_lect,2022-01,4460250,4460250,1293995
covid_testing_lect,2022-02,3182315,3182315,952580
covid_testing_lect,2022-03,3124565,3124565,963465
covid_testing_lect,2022-04,1475490,1475490,528535
covid_testing_lect,2022-05,712285,712285,265050
covid_testing_lect,2022-06,644280,644280,257180
covid_testing_lect,2022-07,552505,552505,219305
covid_testing_lect,2022-08,414070,414070,161520
covid_testing_lect,2022-09,229520,229520,109615
covid_testing_lect,2022-10,117155,117155,63805
covid_testing_lect,2022-11,36675,36675,20410
covid_testing_lect,2022-12,84945,84945,53750
covid_testing_lect,2023-01,63955,63955,39870
covid_testing_lect,2023-02,46375,46375,29715
covid_testing_lect,2023-03,56595,56595,36060
covid_testing_lect,2023-04,38210,38210,24965
covid_testing_lect,2023-05,29080,29080,19270
covid_testing_lect,2023-06,22610,22610,15245
covid_testing_lect,2023-07,6140,6140,4865
covid_testing_lect,2023-08,10,10,10
covid_testing_lect,2023-09,10,10,10
covid_testing_lect,2023-10,10,10,10
covid_testing_lect,2023-12,10,10,10
covid_testing_lect,2024-02,10,10,10
covid_testing_lect,2024-05,10,10,10
covid_testing_lect,2024-09,10,10,10
covid_testing_lect,2024-12,10,10,10
covid_testing_lect,2025-01,10,10,10
covid_testing_lect,2025-09,10,10,10
covid_testing_lect,2030-02,10,10,10
covid_testing_lect,2031-02,10,10,10
covid_testing_lect,2031-03,10,10,10
covid_testing_lect,2031-04,10,10,10
covid_testing_lect,2031-05,10,10,10
covid_testing_lect,2031-07,10,10,10
covid_testing_lect,2031-10,10,10,10
covid_testing_lect,2031-12,10,10,10
covid_testing_lect,2032-01,10,10,10
covid_testing_lect,2032-02,10,10,10
covid_testing_lect,2032-03,10,10,10
covid_testing_lect,2032-05,10,10,10
covid_testing_lect,2032-06,10,10,10
covid_testing_lect,2032-08,10,10,10
covid_testing_lect,2032-12,10,10,10
covid_testing_lect,2121-11,10,10,10
deaths,2015-01,5960,5960,5960
deaths,2015-02,5235,5235,5235
deaths,2015-03,5180,5180,5180
deaths,2015-04,4700,4700,4700
deaths,2015-05,4665,4665,4665
deaths,2015-06,4440,4440,4440
deaths,2015-07,4360,4360,4360
deaths,2015-08,4360,4360,4360
deaths,2015-09,4280,4280,4280
deaths,2015-10,4500,4500,4500
deaths,2015-11,4650,4650,4650
deaths,2015-12,4965,4965,4965
deaths,2016-01,5375,5375,5375
deaths,2016-02,4960,4960,4960
deaths,2016-03,5110,5110,5110
deaths,2016-04,4590,4590,4590
deaths,2016-05,4465,4465,4465
deaths,2016-06,4275,4275,4275
deaths,2016-07,4425,4425,4425
deaths,2016-08,4405,4405,4405
deaths,2016-09,4265,4265,4265
deaths,2016-10,4580,4580,4580
deaths,2016-11,4840,4840,4840
deaths,2016-12,5430,5430,5430
deaths,2017-01,5485,5485,5485
deaths,2017-02,4855,4855,4855
deaths,2017-03,5005,5005,5005
deaths,2017-04,4670,4670,4670
deaths,2017-05,4730,4730,4730
deaths,2017-06,4375,4375,4375
deaths,2017-07,4455,4455,4455
deaths,2017-08,4425,4425,4425
deaths,2017-09,4380,4380,4380
deaths,2017-10,4760,4760,4760
deaths,2017-11,4975,4975,4975
deaths,2017-12,6225,6225,6225
deaths,2018-01,6905,6905,6905
deaths,2018-02,4950,4950,4950
deaths,2018-03,5240,5240,5240
deaths,2018-04,4650,4650,4650
deaths,2018-05,4495,4495,4495
deaths,2018-06,4255,4255,4255
deaths,2018-07,4240,4240,4240
deaths,2018-08,4180,4180,4180
deaths,2018-09,4285,4285,4285
deaths,2018-10,4645,4645,4645
deaths,2018-11,4670,4670,4670
deaths,2018-12,5300,5300,5300
deaths,2019-01,5515,5515,5515
deaths,2019-02,4760,4760,4760
deaths,2019-03,4805,4805,4805
deaths,2019-04,4525,4525,4525
deaths,2019-05,4700,4700,4700
deaths,2019-06,4375,4375,4375
deaths,2019-07,4480,4480,4480
deaths,2019-08,4470,4470,4470
deaths,2019-09,4610,4610,4610
deaths,2019-10,4960,4960,4960
deaths,2019-11,5005,5005,5005
deaths,2019-12,5655,5655,5655
deaths,2020-01,5435,5435,5435
deaths,2020-02,4840,4840,4840
deaths,2020-03,5635,5635,5635
deaths,2020-04,7680,7680,7680
deaths,2020-05,5770,5770,5770
deaths,2020-06,4440,4440,4440
deaths,2020-07,4490,4490,4490
deaths,2020-08,4410,4410,4410
deaths,2020-09,4470,4470,4470
deaths,2020-10,5195,5195,5195
deaths,2020-11,5650,5650,5650
deaths,2020-12,6080,6080,6080
deaths,2021-01,6660,6660,6660
deaths,2021-02,5435,5435,5435
deaths,2021-03,4935,4935,4935
deaths,2021-04,4455,4455,4455
deaths,2021-05,4710,4710,4710
deaths,2021-06,4645,4645,4645
deaths,2021-07,4970,4970,4970
deaths,2021-08,4955,4955,4950
deaths,2021-09,5350,5350,5350
deaths,2021-10,5865,5865,5865
deaths,2021-11,5520,5520,5520
deaths,2021-12,5915,5915,5915
deaths,2022-01,5675,5675,5675
deaths,2022-02,4755,4755,4755
deaths,2022-03,5550,5550,5550
deaths,2022-04,5175,5175,5175
deaths,2022-05,4960,4960,4960
deaths,2022-06,4850,4850,4850
deaths,2022-07,5010,5010,5010
deaths,2022-08,4880,4880,4875
deaths,2022-09,4950,4950,4940
deaths,2022-10,5495,5495,5495
deaths,2022-11,5450,5450,5445
deaths,2022-12,6715,6715,6710
deaths,2023-01,6685,6685,6680
deaths,2023-02,5090,5090,5090
deaths,2023-03,5715,5715,5710
deaths,2023-04,5140,5140,5135
deaths,2023-05,4595,4595,4590
deaths,2023-06,25,25,25
diabetes,-,28045,28045,28045
diabetes,2017-09,660,660,660
diabetes,2017-10,785,785,785
diabetes,2017-11,910,910,910
diabetes,2017-12,860,860,860
diabetes,2018-01,1215,1215,1215
diabetes,2018-02,1265,1265,1265
diabetes,2018-03,1455,1455,1455
diabetes,2018-04,1815,1815,1815
diabetes,2018-05,2475,2475,2475
diabetes,2018-06,2590,2590,2590
diabetes,2018-07,2735,2735,2735
diabetes,2018-08,3150,3150,3150
diabetes,2018-09,2935,2935,2935
diabetes,2018-10,4110,4110,4110
diabetes,2018-11,5510,5510,5510
diabetes,2018-12,5370,5370,5370
diabetes,2019-01,9370,9370,9370
diabetes,2019-02,10250,10250,10250
diabetes,2019-03,11660,11660,11660
diabetes,2019-04,12735,12735,12735
diabetes,2019-05,15335,15335,15335
diabetes,2019-06,16700,16700,16700
diabetes,2019-07,20655,20655,20655
diabetes,2019-08,27620,27620,27620
diabetes,2019-09,31375,31375,31375
diabetes,2019-10,41885,41885,41885
diabetes,2019-11,51970,51970,51970
diabetes,2019-12,16480,16480,16480
diabetes,2020-01,10,10,10
dispensed,2015-01,7778100,7778100,2010370
dispensed,2015-02,7731400,7731400,1994515
dispensed,2015-03,8354180,8354180,2095225
dispensed,2015-04,8108950,8108950,2035185
dispensed,2015-05,8015785,8015785,2027780
dispensed,2015-06,8394045,8394045,2089400
dispensed,2015-07,8434720,8434720,2068975
dispensed,2015-08,7976140,7976140,2002690
dispensed,2015-09,8150055,8150055,2041470
dispensed,2015-10,8375715,8375715,2065445
dispensed,2015-11,7917385,7917385,2017595
dispensed,2015-12,9034520,9034520,2141640
dispensed,2016-01,7679185,7679185,1988955
dispensed,2016-02,7971530,7971530,2048350
dispensed,2016-03,8530965,8530965,2116375
dispensed,2016-04,8371765,8371765,2079485
dispensed,2016-05,8273655,8273655,2073710
dispensed,2016-06,8500395,8500395,2101135
dispensed,2016-07,7953035,7953035,1991365
dispensed,2016-08,8575885,8575885,2076890
dispensed,2016-09,8181015,8181015,2040910
dispensed,2016-10,8094155,8094155,2026420
dispensed,2016-11,8445690,8445690,2081985
dispensed,2016-12,8842010,8842010,2117725
dispensed,2017-01,7948910,7948910,2010875
dispensed,2017-02,7705300,7705300,1990545
dispensed,2017-03,8748585,8748585,2144950
dispensed,2017-04,7786860,7786860,1983180
dispensed,2017-05,8661290,8661290,2117445
dispensed,2017-06,8533195,8533195,2107265
dispensed,2017-07,7971000,7971000,1993630
dispensed,2017-08,8618455,8618455,2080535
dispensed,2017-09,8052185,8052185,2023825
dispensed,2017-10,8348710,8348710,2065150
dispensed,2017-11,8373115,8373115,2083055
dispensed,2017-12,8594065,8594065,2099785
dispensed,2018-01,8307325,8307325,2069420
dispensed,2018-02,7628025,7628025,1984035
dispensed,2018-03,8556590,8556590,2098980
dispensed,2018-04,7991685,7991685,2020525
dispensed,2018-05,8686405,8686405,2124890
dispensed,2018-06,8422135,8422135,2098805
dispensed,2018-07,8236855,8236855,2033580
dispensed,2018-08,8655290,8655290,2086485
dispensed,2018-09,7760770,7760770,1977965
dispensed,2018-10,8671155,8671155,2100815
dispensed,2018-11,8392135,8392135,2082115
dispensed,2018-12,8538540,8538540,2088975
dispensed,2019-01,8438120,8438120,2092370
dispensed,2019-02,7778310,7778310,2012300
dispensed,2019-03,8337700,8337700,2095065
dispensed,2019-04,8292365,8292365,2064200
dispensed,2019-05,8811985,8811985,2141125
dispensed,2019-06,8087155,8087155,2055955
dispensed,2019-07,8697910,8697910,2108550
dispensed,2019-08,8594460,8594460,2097055
dispensed,2019-09,8052160,8052160,2040630
dispensed,2019-10,8895370,8895370,2138255
dispensed,2019-11,8374545,8374545,2087940
dispensed,2019-12,8788925,8788925,2127890
dispensed,2020-01,8485810,8485810,2095415
dispensed,2020-02,7984020,7984020,2039770
dispensed,2020-03,9442500,9442500,2258635
dispensed,2020-04,8110185,8110185,1921295
dispensed,2020-05,7989675,7989675,1931175
dispensed,2020-06,8224000,8224000,1993930
dispensed,2020-07,8520795,8520795,2026835
dispensed,2020-08,8043255,8043255,1991985
dispensed,2020-09,8280000,8280000,2024455
dispensed,2020-10,8562910,8562910,2053870
dispensed,2020-11,8167935,8167935,2011805
dispensed,2020-12,9170690,9170690,2119155
dispensed,2021-01,7800765,7800765,1950660
dispensed,2021-02,7631370,7631370,1927660
dispensed,2021-03,8897695,8897695,2107240
dispensed,2021-04,8506185,8506185,2067155
dispensed,2021-05,8260655,8260655,2044785
dispensed,2021-06,8784190,8784190,2137560
dispensed,2021-07,8685540,8685540,2106495
dispensed,2021-08,8597295,8597295,2089610
dispensed,2021-09,8570310,8570310,2112935
dispensed,2021-10,8558705,8558705,2104605
dispensed,2021-11,8831190,8831190,2155920
dispensed,2021-12,9343440,9343440,2187475
dispensed,2022-01,8191060,8191060,2028820
dispensed,2022-02,8010625,8010625,2022250
dispensed,2022-03,9191870,9191870,2193160
dispensed,2022-04,8523090,8523090,2085365
dispensed,2022-05,8928850,8928850,2159010
dispensed,2022-06,8831965,8831965,2165420
dispensed,2022-07,8557810,8557810,2095960
dispensed,2022-08,9297245,9297245,2184405
dispensed,2022-09,8649320,8649320,2117370
dispensed,2022-10,8849380,8849380,2144530
dispensed,2022-11,9098345,9098345,2196340
dispensed,2022-12,9452465,9452465,2268955
dispensed,2023-01,8889420,8889420,2163215
dispensed,2023-02,8363490,8363490,2104770
dispensed,2023-03,9408665,9408665,2257875
dispensed,2023-04,7885700,7885700,2056840
dispensed,2023-05,214035,214035,88595
dispensed,2023-06,14350,14350,6195
ecoss,2020-03,16780,16780,16780
ecoss,2020-04,43850,43850,43845
ecoss,2020-05,93000,93000,92970
ecoss,2020-06,83825,83825,83705
ecoss,2020-07,83720,83720,83570
ecoss,2020-08,195330,195330,195095
ecoss,2020-09,134265,134265,134245
ecoss,2020-10,151130,151130,151115
ecoss,2020-11,179430,179430,179350
ecoss,2020-12,192675,192675,192530
ecoss,2021-01,191670,191670,191535
ecoss,2021-02,117545,117545,117460
ecoss,2021-03,133775,133775,133670
ecoss,2021-04,87625,87625,87550
ecoss,2021-05,118965,118965,118890
ecoss,2021-06,237175,237175,236985
ecoss,2021-07,195195,195195,195035
paid,2015-01,7923940,7923940,2025600
paid,2015-02,7606495,7606495,1990250
paid,2015-03,8391520,8391520,2098990
paid,2015-04,8041015,8041015,2022395
paid,2015-05,8123565,8123565,2036045
paid,2015-06,8430205,8430205,2091675
paid,2015-07,8325030,8325030,2046025
paid,2015-08,8024320,8024320,2004295
paid,2015-09,8217895,8217895,2046720
paid,2015-10,8383420,8383420,2060510
paid,2015-11,7888795,7888795,2007155
paid,2015-12,9106685,9106685,2146950
paid,2016-01,7710675,7710675,1990310
paid,2016-02,7949510,7949510,2039845
paid,2016-03,8548610,8548610,2113865
paid,2016-04,8393395,8393395,2075870
paid,2016-05,8382345,8382345,2082605
paid,2016-06,8519135,8519135,2096125
paid,2016-07,7952740,7952740,1984150
paid,2016-08,8595615,8595615,2075090
paid,2016-09,8125590,8125590,2025970
paid,2016-10,8160165,8160165,2030160
paid,2016-11,8513035,8513035,2087315
paid,2016-12,8827050,8827050,2107575
paid,2017-01,8119930,8119930,2028135
paid,2017-02,7748390,7748390,1987365
paid,2017-03,8624820,8624820,2119185
paid,2017-04,7911810,7911810,1994690
paid,2017-05,8776595,8776595,2124250
paid,2017-06,8514540,8514540,2098960
paid,2017-07,7974295,7974295,1985660
paid,2017-08,8656970,8656970,2079805
paid,2017-09,8176805,8176805,2033940
paid,2017-10,8428310,8428310,2065580
paid,2017-11,8336185,8336185,2064520
paid,2017-12,8640140,8640140,2091510
paid,2018-01,8422235,8422235,2073540
paid,2018-02,7665010,7665010,1977750
paid,2018-03,8609665,8609665,2094055
paid,2018-04,7980005,7980005,2010600
paid,2018-05,8738935,8738935,2123270
paid,2018-06,8505300,8505300,2096195
paid,2018-07,8131220,8131220,2010670
paid,2018-08,8752975,8752975,2086690
paid,2018-09,7916195,7916195,1988610
paid,2018-10,8694320,8694320,2095105
paid,2018-11,8366610,8366610,2064130
paid,2018-12,8701910,8701910,2095625
paid,2019-01,8409550,8409550,2081300
paid,2019-02,7855790,7855790,2010110
paid,2019-03,8329700,8329700,2081930
paid,2019-04,8483065,8483065,2075005
paid,2019-05,8727045,8727045,2119630
paid,2019-06,8266735,8266735,2065010
paid,2019-07,8732045,8732045,2101045
paid,2019-08,8581595,8581595,2082005
paid,2019-09,8170335,8170335,2041620
paid,2019-10,8923810,8923810,2131085
paid,2019-11,8415220,8415220,2078115
paid,2019-12,8898420,8898420,2129040
paid,2020-01,8520505,8520505,2086115
paid,2020-02,8051460,8051460,2035455
paid,2020-03,9530710,9530710,2250350
paid,2020-04,8216755,8216755,1926705
paid,2020-05,7913430,7913430,1914535
paid,2020-06,8157245,8157245,1981610
paid,2020-07,8558625,8558625,2025345
paid,2020-08,8112185,8112185,1993255
paid,2020-09,8330120,8330120,2023500
paid,2020-10,8440665,8440665,2029625
paid,2020-11,8199205,8199205,2010680
paid,2020-12,9216985,9216985,2116950
paid,2021-01,7928285,7928285,1950540
paid,2021-02,7664110,7664110,1926570
paid,2021-03,8691430,8691430,2086520
paid,2021-04,8528320,8528320,2063850
paid,2021-05,8206165,8206165,2032575
paid,2021-06,8814800,8814800,2134975
paid,2021-07,8547610,8547610,2080585
paid,2021-08,8527335,8527335,2076065
paid,2021-09,8685275,8685275,2116050
paid,2021-10,8484780,8484780,2088145
paid,2021-11,8721415,8721415,2138390
paid,2021-12,9443645,9443645,2189500
paid,2022-01,8207020,8207020,2018810
paid,2022-02,8012690,8012690,2014060
paid,2022-03,9190175,9190175,2183715
paid,2022-04,8542490,8542490,2077120
paid,2022-05,8935990,8935990,2153700
paid,2022-06,8698385,8698385,2139245
paid,2022-07,8508165,8508165,2081260
paid,2022-08,9375680,9375680,2185945
paid,2022-09,8544710,8544710,2091750
paid,2022-10,8927960,8927960,2147710
paid,2022-11,9091645,9091645,2188605
paid,2022-12,9415705,9415705,2254935
paid,2023-01,8746885,8746885,2138615
paid,2023-02,8372410,8372410,2098865
paid,2023-03,9570995,9570995,2263685
paid,2023-04,8686305,8686305,2123225
prescribed,2015-01,7904620,7904620,2024200
prescribed,2015-02,7608245,7608245,1980550
prescribed,2015-03,8761045,8761045,2127430
prescribed,2015-04,8111735,8111735,2025230
prescribed,2015-05,7884470,7884470,1997010
prescribed,2015-06,8599230,8599230,2094560
prescribed,2015-07,8478565,8478565,2057895
prescribed,2015-08,8021870,8021870,1992690
prescribed,2015-09,8286375,8286375,2039780
prescribed,2015-10,8228360,8228360,2032185
prescribed,2015-11,8261800,8261800,2037620
prescribed,2015-12,8796875,8796875,2092510
prescribed,2016-01,7748610,7748610,1993570
prescribed,2016-02,8224310,8224310,2059285
prescribed,2016-03,8762895,8762895,2123715
prescribed,2016-04,8153350,8153350,2036130
prescribed,2016-05,8479820,8479820,2077870
prescribed,2016-06,8582810,8582810,2089860
prescribed,2016-07,7842800,7842800,1956080
prescribed,2016-08,8879320,8879320,2091145
prescribed,2016-09,8233700,8233700,2028635
prescribed,2016-10,8173535,8173535,2013135
prescribed,2016-11,8628835,8628835,2079645
prescribed,2016-12,8524305,8524305,2054630
prescribed,2017-01,8325760,8325760,2047010
prescribed,2017-02,7741735,7741735,1972145
prescribed,2017-03,8868510,8868510,2137915
prescribed,2017-04,7746470,7746470,1954230
prescribed,2017-05,8940710,8940710,2127375
prescribed,2017-06,8545535,8545535,2083230
prescribed,2017-07,8144260,8144260,1982705
prescribed,2017-08,8720255,8720255,2070640
prescribed,2017-09,8006140,8006140,1992695
prescribed,2017-10,8589165,8589165,2063805
prescribed,2017-11,8591450,8591450,2075875
prescribed,2017-12,8316395,8316395,2032650
prescribed,2018-01,8712705,8712705,2099235
prescribed,2018-02,7695530,7695530,1961610
prescribed,2018-03,8439810,8439810,2058445
prescribed,2018-04,8248830,8248830,2023825
prescribed,2018-05,8873320,8873320,2118775
prescribed,2018-06,8267835,8267835,2049595
prescribed,2018-07,8540700,8540700,2032100
prescribed,2018-08,8687840,8687840,2061820
prescribed,2018-09,7709120,7709120,1938995
prescribed,2018-10,8951315,8951315,2099200
prescribed,2018-11,8587850,8587850,2066050
prescribed,2018-12,8448425,8448425,2030230
prescribed,2019-01,8711275,8711275,2105280
prescribed,2019-02,7835300,7835300,1982770
prescribed,2019-03,8288960,8288960,2055895
prescribed,2019-04,8685540,8685540,2069635
prescribed,2019-05,8892090,8892090,2116495
prescribed,2019-06,7961045,7961045,2001440
prescribed,2019-07,9081885,9081885,2107390
prescribed,2019-08,8541350,8541350,2053185
prescribed,2019-09,8287470,8287470,2025675
prescribed,2019-10,9119595,9119595,2121055
prescribed,2019-11,8360005,8360005,2042665
prescribed,2019-12,8894455,8894455,2083960
prescribed,2020-01,8690050,8690050,2094645
prescribed,2020-02,7937080,7937080,1989475
prescribed,2020-03,10181840,10181840,2285990
prescribed,2020-04,7782470,7782470,1837205
prescribed,2020-05,7656745,7656745,1849285
prescribed,2020-06,8144425,8144425,1892850
prescribed,2020-07,8583140,8583140,1983700
prescribed,2020-08,8142535,8142535,1953500
prescribed,2020-09,8470465,8470465,1995545
prescribed,2020-10,8416135,8416135,1985370
prescribed,2020-11,8449895,8449895,1986065
prescribed,2020-12,9028295,9028295,2037465
prescribed,2021-01,7829425,7829425,1904040
prescribed,2021-02,7677155,7677155,1881610
prescribed,2021-03,9203045,9203045,2092175
prescribed,2021-04,8464405,8464405,2008160
prescribed,2021-05,8160605,8160605,1977645
prescribed,2021-06,9050880,9050880,2105630
prescribed,2021-07,8621820,8621820,2032795
prescribed,2021-08,8847150,8847150,2050440
prescribed,2021-09,8713860,8713860,2065850
prescribed,2021-10,8416645,8416645,2025145
prescribed,2021-11,9166445,9166445,2120380
prescribed,2021-12,9186960,9186960,2094485
prescribed,2022-01,8329685,8329685,1991015
prescribed,2022-02,8048780,8048780,1958300
prescribed,2022-03,9322900,9322900,2142385
prescribed,2022-04,8463120,8463120,2009030
prescribed,2022-05,9154195,9154195,2115395
prescribed,2022-06,8892575,8892575,2109895
prescribed,2022-07,8453310,8453310,2019500
prescribed,2022-08,9388205,9388205,2129915
prescribed,2022-09,8676700,8676700,2060390
prescribed,2022-10,8664010,8664010,2067815
prescribed,2022-11,9050155,9050155,2134170
prescribed,2022-12,9063055,9063055,2171075
prescribed,2023-01,8747575,8747575,2108885
prescribed,2023-02,7971525,7971525,2018740
prescribed,2023-03,8801235,8801235,2164110
prescribed,2023-04,6092545,6092545,1781980
prescribed,2023-05,56070,56070,27120
sicsag_daily,2019-03,13825,13825,3385
sicsag_daily,2019-04,14975,14975,3495
sicsag_daily,2019-05,15520,15520,3645
sicsag_daily,2019-06,15180,15180,3540
sicsag_daily,2019-07,15230,15230,3570
sicsag_daily,2019-08,14845,14845,3475
sicsag_daily,2019-09,14420,14420,3325
sicsag_daily,2019-10,15340,15340,3585
sicsag_daily,2019-11,15455,15455,3515
sicsag_daily,2019-12,15395,15395,3515
sicsag_daily,2020-01,15820,15820,3475
sicsag_daily,2020-02,14655,14655,3325
sicsag_daily,2020-03,12920,12920,2925
sicsag_daily,2020-04,12940,12940,2250
sicsag_daily,2020-05,11930,11930,2450
sicsag_daily,2020-06,12010,12010,2705
sicsag_daily,2020-07,12910,12910,3000
sicsag_daily,2020-08,12860,12860,3000
sicsag_daily,2020-09,13160,13160,3065
sicsag_daily,2020-10,14690,14690,3090
sicsag_daily,2020-11,14975,14975,2830
sicsag_daily,2020-12,14945,14945,3050
sicsag_daily,2021-01,16365,16365,3015
sicsag_daily,2021-02,14900,14900,2805
sicsag_daily,2021-03,14910,14910,3165
sicsag_daily,2021-04,13460,13460,3105
sicsag_daily,2021-05,14365,14365,3265
sicsag_daily,2021-06,14045,14045,3215
sicsag_daily,2021-07,14840,14840,3190
sicsag_daily,2021-08,14525,14525,3080
sicsag_daily,2021-09,15055,15055,3085
sicsag_daily,2021-10,15275,15275,3180
sicsag_daily,2021-11,15335,15335,3220
sicsag_daily,2021-12,14715,14715,3120
sicsag_daily,2022-01,14500,14500,3000
sicsag_daily,2022-02,13010,13010,2885
sicsag_daily,2022-03,14845,14845,3135
sicsag_daily,2022-04,14305,14305,3045
sicsag_daily,2022-05,14895,14895,3215
sicsag_daily,2022-06,14485,14485,3125
sicsag_daily,2022-07,14375,14375,3035
sicsag_daily,2022-08,14815,14815,3110
sicsag_daily,2022-09,14585,14585,3085
sicsag_daily,2022-10,15185,15185,3220
sicsag_daily,2022-11,14820,14820,3280
sicsag_daily,2022-12,15590,15590,3260
sicsag_daily,2023-01,15465,15465,3120
sicsag_daily,2023-02,13390,13390,2860
sicsag_daily,2023-03,14875,14875,3200
sicsag_daily,2023-04,14110,14110,2940
sicsag_daily,2023-05,14650,14650,3195
sicsag_daily,2023-06,13730,13730,3025
sicsag_daily,2023-07,3655,3655,1080
sicsag_episodes,2019-03,3925,3925,3385
sicsag_episodes,2019-04,3800,3800,3225
sicsag_episodes,2019-05,3905,3905,3335
sicsag_episodes,2019-06,3760,3760,3235
sicsag_episodes,2019-07,3800,3800,3285
sicsag_episodes,2019-08,3700,3700,3155
sicsag_episodes,2019-09,3525,3525,3045
sicsag_episodes,2019-10,3805,3805,3290
sicsag_episodes,2019-11,3720,3720,3185
sicsag_episodes,2019-12,3690,3690,3210
sicsag_episodes,2020-01,3720,3720,3170
sicsag_episodes,2020-02,3445,3445,3000
sicsag_episodes,2020-03,3095,3095,2645
sicsag_episodes,2020-04,2400,2400,2030
sicsag_episodes,2020-05,2575,2575,2195
sicsag_episodes,2020-06,2935,2935,2475
sicsag_episodes,2020-07,3170,3170,2730
sicsag_episodes,2020-08,3185,3185,2745
sicsag_episodes,2020-09,3250,3250,2785
sicsag_episodes,2020-10,3290,3290,2805
sicsag_episodes,2020-11,3025,3025,2565
sicsag_episodes,2020-12,3215,3215,2760
sicsag_episodes,2021-01,3285,3285,2740
sicsag_episodes,2021-02,2925,2925,2480
sicsag_episodes,2021-03,3340,3340,2850
sicsag_episodes,2021-04,3190,3190,2800
sicsag_episodes,2021-05,3380,3380,2970
sicsag_episodes,2021-06,3300,3300,2905
sicsag_episodes,2021-07,3335,3335,2900
sicsag_episodes,2021-08,3145,3145,2785
sicsag_episodes,2021-09,3220,3220,2790
sicsag_episodes,2021-10,3190,3190,2850
sicsag_episodes,2021-11,3315,3315,2945
sicsag_episodes,2021-12,3110,3110,2760
sicsag_episodes,2022-01,3035,3035,2700
sicsag_episodes,2022-02,2815,2815,2555
sicsag_episodes,2022-03,3150,3150,2815
sicsag_episodes,2022-04,3015,3015,2720
sicsag_episodes,2022-05,3265,3265,2915
sicsag_episodes,2022-06,3105,3105,2785
sicsag_episodes,2022-07,2990,2990,2695
sicsag_episodes,2022-08,3105,3105,2780
sicsag_episodes,2022-09,3100,3100,2765
sicsag_episodes,2022-10,3205,3205,2890
sicsag_episodes,2022-11,3275,3275,2940
sicsag_episodes,2022-12,3265,3265,2905
sicsag_episodes,2023-01,3115,3115,2785
sicsag_episodes,2023-02,2775,2775,2515
sicsag_episodes,2023-03,3150,3150,2865
sicsag_episodes,2023-04,2925,2925,2615
sicsag_episodes,2023-05,3255,3255,2895
sicsag_episodes,2023-06,3025,3025,2720
sicsag_episodes,2023-07,835,835,780
smr00,1997-04,220700,220700,196825
smr00,1997-05,212380,212380,190275
smr00,1997-06,213545,213545,191090
smr00,1997-07,219610,219610,194055
smr00,1997-08,211015,211015,189110
smr00,1997-09,222245,222245,197730
smr00,1997-10,237830,237830,208770
smr00,1997-11,221925,221925,197315
smr00,1997-12,217520,217520,192245
smr00,1998-01,222405,222405,197835
smr00,1998-02,217800,217800,193720
smr00,1998-03,239845,239845,210885
smr00,1998-04,217080,217080,191775
smr00,1998-05,212355,212355,189310
smr00,1998-06,238210,238210,209245
smr00,1998-07,220070,220070,193930
smr00,1998-08,225880,225880,200375
smr00,1998-09,230755,230755,204015
smr00,1998-10,233030,233030,205390
smr00,1998-11,240925,240925,212290
smr00,1998-12,237105,237105,206700
smr00,1999-01,229695,229695,203785
smr00,1999-02,235975,235975,208360
smr00,1999-03,275915,275915,238770
smr00,1999-04,243110,243110,213460
smr00,1999-05,241730,241730,213285
smr00,1999-06,267895,267895,232655
smr00,1999-07,234350,234350,205165
smr00,1999-08,265270,265270,231265
smr00,1999-09,256175,256175,224015
smr00,1999-10,245310,245310,216725
smr00,1999-11,274965,274965,239885
smr00,1999-12,232800,232800,205585
smr00,2000-01,238765,238765,210960
smr00,2000-02,261215,261215,228660
smr00,2000-03,276435,276435,240180
smr00,2000-04,222365,222365,197610
smr00,2000-05,277870,277870,241310
smr00,2000-06,272730,272730,237760
smr00,2000-07,232300,232300,204640
smr00,2000-08,287555,287555,248890
smr00,2000-09,245640,245640,216195
smr00,2000-10,272000,272000,237235
smr00,2000-11,285970,285970,248420
smr00,2000-12,228815,228815,203265
smr00,2001-01,273150,273150,238425
smr00,2001-02,247090,247090,217775
smr00,2001-03,279575,279575,242510
smr00,2001-04,248485,248485,217175
smr00,2001-05,289350,289350,249295
smr00,2001-06,269740,269740,234505
smr00,2001-07,253230,253230,220230
smr00,2001-08,291540,291540,250295
smr00,2001-09,244485,244485,214645
smr00,2001-10,290575,290575,249695
smr00,2001-11,287010,287010,247530
smr00,2001-12,231120,231120,203850
smr00,2002-01,283615,283615,244335
smr00,2002-02,264050,264050,228305
smr00,2002-03,269130,269130,232425
smr00,2002-04,279430,279430,241340
smr00,2002-05,292505,292505,250590
smr00,2002-06,250225,250225,218815
smr00,2002-07,272360,272360,233625
smr00,2002-08,284565,284565,247085
smr00,2002-09,269580,269580,235190
smr00,2002-10,303425,303425,260235
smr00,2002-11,286340,286340,249520
smr00,2002-12,253735,253735,221790
smr00,2003-01,293225,293225,254565
smr00,2003-02,279795,279795,244155
smr00,2003-03,293975,293975,254340
smr00,2003-04,280675,280675,241975
smr00,2003-05,291090,291090,251525
smr00,2003-06,298435,298435,257395
smr00,2003-07,286865,286865,245725
smr00,2003-08,283805,283805,246000
smr00,2003-09,299245,299245,257720
smr00,2003-10,307990,307990,263840
smr00,2003-11,286395,286395,249170
smr00,2003-12,284540,284540,245235
smr00,2004-01,297410,297410,256730
smr00,2004-02,290590,290590,250510
smr00,2004-03,339355,339355,286055
smr00,2004-04,288945,288945,247365
smr00,2004-05,292630,292630,251030
smr00,2004-06,322390,322390,272095
smr00,2004-07,277695,277695,237305
smr00,2004-08,312215,312215,264970
smr00,2004-09,310240,310240,264475
smr00,2004-10,295745,295745,253480
smr00,2004-11,343315,343315,289265
smr00,2004-12,301175,301175,257400
smr00,2005-01,298090,298090,256310
smr00,2005-02,306420,306420,262610
smr00,2005-03,340275,340275,287125
smr00,2005-04,312050,312050,263790
smr00,2005-05,330875,330875,278295
smr00,2005-06,348250,348250,291745
smr00,2005-07,280975,280975,238710
smr00,2005-08,349590,349590,291375
smr00,2005-09,325160,325160,273910
smr00,2005-10,319585,319585,270430
smr00,2005-11,359845,359845,301380
smr00,2005-12,303265,303265,254370
smr00,2006-01,319660,319660,270790
smr00,2006-02,310740,310740,263920
smr00,2006-03,348690,348690,290805
smr00,2006-04,278925,278925,238935
smr00,2006-05,351390,351390,292880
smr00,2006-06,340190,340190,284555
smr00,2006-07,289700,289700,245805
smr00,2006-08,350235,350235,291145
smr00,2006-09,309130,309130,261825
smr00,2006-10,335000,335000,280385
smr00,2006-11,356620,356620,297810
smr00,2006-12,289485,289485,246870
smr00,2007-01,340165,340165,283655
smr00,2007-02,328370,328370,275925
smr00,2007-03,354425,354425,294110
smr00,2007-04,315275,315275,264625
smr00,2007-05,368450,368450,303965
smr00,2007-06,339920,339920,283255
smr00,2007-07,322245,322245,268175
smr00,2007-08,362580,362580,299785
smr00,2007-09,320265,320265,270490
smr00,2007-10,378200,378200,311510
smr00,2007-11,376460,376460,312235
smr00,2007-12,300515,300515,255440
smr00,2008-01,358010,358010,298645
smr00,2008-02,343985,343985,286845
smr00,2008-03,327395,327395,274945
smr00,2008-04,358905,358905,296525
smr00,2008-05,350765,350765,291855
smr00,2008-06,353900,353900,294010
smr00,2008-07,348910,348910,288310
smr00,2008-08,340485,340485,285155
smr00,2008-09,367930,367930,305850
smr00,2008-10,378505,378505,312130
smr00,2008-11,354900,354900,297525
smr00,2008-12,335545,335545,280795
smr00,2009-01,361545,361545,303035
smr00,2009-02,347350,347350,291530
smr00,2009-03,396020,396020,325155
smr00,2009-04,359310,359310,298705
smr00,2009-05,354475,354475,296435
smr00,2009-06,389315,389315,321140
smr00,2009-07,360680,360680,297105
smr00,2009-08,361805,361805,302245
smr00,2009-09,382630,382630,316390
smr00,2009-10,371945,371945,307890
smr00,2009-11,382585,382585,317970
smr00,2009-12,349960,349960,292875
smr00,2010-01,348285,348285,292875
smr00,2010-02,357475,357475,299095
smr00,2010-03,424940,424940,344700
smr00,2010-04,362150,362150,299285
smr00,2010-05,372125,372125,308450
smr00,2010-06,409350,409350,332285
smr00,2010-07,357345,357345,293925
smr00,2010-08,391070,391070,321165
smr00,2010-09,390985,390985,321485
smr00,2010-10,364735,364735,302415
smr00,2010-11,398760,398760,327495
smr00,2010-12,311325,311325,260445
smr00,2011-01,369145,369145,308360
smr00,2011-02,376905,376905,303610
smr00,2011-03,437550,437550,346860
smr00,2011-04,328300,328300,276060
smr00,2011-05,383000,383000,317405
smr00,2011-06,416770,416770,341095
smr00,2011-07,347325,347325,289045
smr00,2011-08,424955,424955,345375
smr00,2011-09,400545,400545,328880
smr00,2011-10,390280,390280,320910
smr00,2011-11,423570,423570,345475
smr00,2011-12,369595,369595,305860
smr00,2012-01,401960,401960,329615
smr00,2012-02,409740,409740,334585
smr00,2012-03,427035,427035,346765
smr00,2012-04,374880,374880,309050
smr00,2012-05,455535,455535,366525
smr00,2012-06,394265,394265,323425
smr00,2012-07,393850,393850,320935
smr00,2012-08,445225,445225,359015
smr00,2012-09,392760,392760,324240
smr00,2012-10,449610,449610,360700
smr00,2012-11,446920,446920,361480
smr00,2012-12,352900,352900,295515
smr00,2013-01,428095,428095,351145
smr00,2013-02,397485,397485,328410
smr00,2013-03,396865,396865,328210
smr00,2013-04,413395,413395,338145
smr00,2013-05,432545,432545,352270
smr00,2013-06,393340,393340,326520
smr00,2013-07,403280,403280,329365
smr00,2013-08,415095,415095,341285
smr00,2013-09,400845,400845,332970
smr00,2013-10,434565,434565,354765
smr00,2013-11,416540,416540,345195
smr00,2013-12,372385,372385,311315
smr00,2014-01,437250,437250,359075
smr00,2014-02,400765,400765,331985
smr00,2014-03,427315,427315,351645
smr00,2014-04,410885,410885,337725
smr00,2014-05,427920,427920,350555
smr00,2014-06,428145,428145,351410
smr00,2014-07,419200,419200,341135
smr00,2014-08,410415,410415,339090
smr00,2014-09,441410,441410,361425
smr00,2014-10,452210,452210,367075
smr00,2014-11,427865,427865,354735
smr00,2014-12,415865,415865,341870
smr00,2015-01,431790,431790,356730
smr00,2015-02,412465,412465,341860
smr00,2015-03,468880,468880,381130
smr00,2015-04,416880,416880,342825
smr00,2015-05,423070,423070,349095
smr00,2015-06,483275,483275,389380
smr00,2015-07,441505,441505,356455
smr00,2015-08,451175,451175,368925
smr00,2015-09,478150,478150,387860
smr00,2015-10,468820,468820,380150
smr00,2015-11,488475,488475,397695
smr00,2015-12,451830,451830,368665
smr00,2016-01,446490,446490,367595
smr00,2016-02,473920,473920,384985
smr00,2016-03,499430,499430,401530
smr00,2016-04,460205,460205,374450
smr00,2016-05,518220,518220,412060
smr00,2016-06,527605,527605,416585
smr00,2016-07,437915,437915,351605
smr00,2016-08,540430,540430,424455
smr00,2016-09,507265,507265,403550
smr00,2016-10,478115,478115,382450
smr00,2016-11,547025,547025,431750
smr00,2016-12,458290,458290,370200
smr00,2017-01,500340,500340,400995
smr00,2017-02,476160,476160,383895
smr00,2017-03,554375,554375,435830
smr00,2017-04,435650,435650,352860
smr00,2017-05,537695,537695,423015
smr00,2017-06,522865,522865,411730
smr00,2017-07,444675,444675,357590
smr00,2017-08,537015,537015,422195
smr00,2017-09,489720,489720,393065
smr00,2017-10,513180,513180,406580
smr00,2017-11,552380,552380,435155
smr00,2017-12,432925,432925,351850
smr00,2018-01,520790,520790,412145
smr00,2018-02,478570,478570,384890
smr00,2018-03,509420,509420,404205
smr00,2018-04,483440,483440,385670
smr00,2018-05,557940,557940,433270
smr00,2018-06,513380,513380,406140
smr00,2018-07,477900,477900,376680
smr00,2018-08,538235,538235,420300
smr00,2018-09,476940,476940,382405
smr00,2018-10,542910,542910,422525
smr00,2018-11,548635,548635,429770
smr00,2018-12,443345,443345,356380
smr00,2019-01,535710,535710,421400
smr00,2019-02,491555,491555,391815
smr00,2019-03,521170,521170,412630
smr00,2019-04,498220,498220,392585
smr00,2019-05,548365,548365,425700
smr00,2019-06,498425,498425,396220
smr00,2019-07,510795,510795,395775
smr00,2019-08,523830,523830,409725
smr00,2019-09,513945,513945,406360
smr00,2019-10,569170,569170,437110
smr00,2019-11,550290,550290,430395
smr00,2019-12,485025,485025,381480
smr00,2020-01,558035,558035,432945
smr00,2020-02,514925,514925,404355
smr00,2020-03,438885,438885,346465
smr00,2020-04,223490,223490,172710
smr00,2020-05,255500,255500,195705
smr00,2020-06,329820,329820,247000
smr00,2020-07,347910,347910,258225
smr00,2020-08,362335,362335,275650
smr00,2020-09,425725,425725,320030
smr00,2020-10,426685,426685,320525
smr00,2020-11,458635,458635,347180
smr00,2020-12,433945,433945,327715
smr00,2021-01,415885,415885,317380
smr00,2021-02,416690,416690,318565
smr00,2021-03,511700,511700,378050
smr00,2021-04,459000,459000,345245
smr00,2021-05,475120,475120,359685
smr00,2021-06,520195,520195,387085
smr00,2021-07,453585,453585,341045
smr00,2021-08,493880,493880,371120
smr00,2021-09,501475,501475,377250
smr00,2021-10,469570,469570,357470
smr00,2021-11,551085,551085,410385
smr00,2021-12,472140,472140,356210
smr00,2022-01,466915,466915,355270
smr00,2022-02,477990,477990,364925
smr00,2022-03,553875,553875,410400
smr00,2022-04,457780,457780,347835
smr00,2022-05,538775,538775,400880
smr00,2022-06,516400,516400,385790
smr00,2022-07,455575,455575,343375
smr00,2022-08,561440,561440,412325
smr00,2022-09,535410,535410,397350
smr00,2022-10,517380,517380,385430
smr00,2022-11,587240,587240,429780
smr00,2022-12,483975,483975,362215
smr00,2023-01,531225,531225,392700
smr00,2023-02,517545,517545,387200
smr00,2023-03,593290,593290,431300
smr00,2023-04,473985,473985,357295
smr00,2023-05,514340,514340,376110
smr00,2023-06,122435,122435,110600
smr01,1997-04,102865,102865,84425
smr01,1997-05,100635,100635,82660
smr01,1997-06,99035,99035,81595
smr01,1997-07,98130,98130,80075
smr01,1997-08,96840,96840,79895
smr01,1997-09,98440,98440,80830
smr01,1997-10,102130,102130,83500
smr01,1997-11,98280,98280,80960
smr01,1997-12,95335,95335,77000
smr01,1998-01,101265,101265,82880
smr01,1998-02,97965,97965,80970
smr01,1998-03,108410,108410,88670
smr01,1998-04,100020,100020,81490
smr01,1998-05,98785,98785,81035
smr01,1998-06,104695,104695,85565
smr01,1998-07,100425,100425,81215
smr01,1998-08,102085,102085,83185
smr01,1998-09,102250,102250,83440
smr01,1998-10,103560,103560,84250
smr01,1998-11,105890,105890,86830
smr01,1998-12,99015,99015,80265
smr01,1999-01,102065,102065,83700
smr01,1999-02,101350,101350,83610
smr01,1999-03,115125,115125,93700
smr01,1999-04,99190,99190,80540
smr01,1999-05,100060,100060,81620
smr01,1999-06,103695,103695,84470
smr01,1999-07,96620,96620,78170
smr01,1999-08,105010,105010,85260
smr01,1999-09,102750,102750,83280
smr01,1999-10,100610,100610,81620
smr01,1999-11,105680,105680,86165
smr01,1999-12,99650,99650,79695
smr01,2000-01,96870,96870,77970
smr01,2000-02,102050,102050,83180
smr01,2000-03,110170,110170,89020
smr01,2000-04,95480,95480,77625
smr01,2000-05,107675,107675,86820
smr01,2000-06,103275,103275,83795
smr01,2000-07,95560,95560,77445
smr01,2000-08,107210,107210,86730
smr01,2000-09,97790,97790,79575
smr01,2000-10,105870,105870,85465
smr01,2000-11,107750,107750,87220
smr01,2000-12,95265,95265,76510
smr01,2001-01,109465,109465,87345
smr01,2001-02,98450,98450,79995
smr01,2001-03,109000,109000,87155
smr01,2001-04,98150,98150,78845
smr01,2001-05,106305,106305,85080
smr01,2001-06,100295,100295,80575
smr01,2001-07,98125,98125,78500
smr01,2001-08,105220,105220,84095
smr01,2001-09,95440,95440,76630
smr01,2001-10,107390,107390,85760
smr01,2001-11,105575,105575,84430
smr01,2001-12,94200,94200,74950
smr01,2002-01,104320,104320,83505
smr01,2002-02,97670,97670,79340
smr01,2002-03,105250,105250,84380
smr01,2002-04,100405,100405,79900
smr01,2002-05,103225,103225,81615
smr01,2002-06,91805,91805,73575
smr01,2002-07,98750,98750,77725
smr01,2002-08,99060,99060,78595
smr01,2002-09,96225,96225,76780
smr01,2002-10,102770,102770,81265
smr01,2002-11,98680,98680,79160
smr01,2002-12,94615,94615,74345
smr01,2003-01,102630,102630,80965
smr01,2003-02,95000,95000,76415
smr01,2003-03,103105,103105,82185
smr01,2003-04,97660,97660,75750
smr01,2003-05,99595,99595,77340
smr01,2003-06,100410,100410,78010
smr01,2003-07,99965,99965,76665
smr01,2003-08,98440,98440,76715
smr01,2003-09,101125,101125,78360
smr01,2003-10,105070,105070,80720
smr01,2003-11,101580,101580,79185
smr01,2003-12,99905,99905,76045
smr01,2004-01,104470,104470,80715
smr01,2004-02,99900,99900,78180
smr01,2004-03,112650,112650,86475
smr01,2004-04,101030,101030,77460
smr01,2004-05,102040,102040,78430
smr01,2004-06,105130,105130,80390
smr01,2004-07,99350,99350,75435
smr01,2004-08,104885,104885,80355
smr01,2004-09,102815,102815,78805
smr01,2004-10,100540,100540,77030
smr01,2004-11,107265,107265,82565
smr01,2004-12,102375,102375,77405
smr01,2005-01,102575,102575,78900
smr01,2005-02,100170,100170,77965
smr01,2005-03,111025,111025,84990
smr01,2005-04,103095,103095,79485
smr01,2005-05,108030,108030,83080
smr01,2005-06,107440,107440,82795
smr01,2005-07,97250,97250,74220
smr01,2005-08,109595,109595,83850
smr01,2005-09,103675,103675,79765
smr01,2005-10,104440,104440,80375
smr01,2005-11,109705,109705,84600
smr01,2005-12,103735,103735,79280
smr01,2006-01,109510,109510,83815
smr01,2006-02,103180,103180,80030
smr01,2006-03,115580,115580,88360
smr01,2006-04,100455,100455,77175
smr01,2006-05,115175,115175,87635
smr01,2006-06,110390,110390,84160
smr01,2006-07,102135,102135,77845
smr01,2006-08,112905,112905,85935
smr01,2006-09,106330,106330,81520
smr01,2006-10,112100,112100,85425
smr01,2006-11,115420,115420,88300
smr01,2006-12,105625,105625,80590
smr01,2007-01,114370,114370,87060
smr01,2007-02,106100,106100,82165
smr01,2007-03,114230,114230,87680
smr01,2007-04,107830,107830,82325
smr01,2007-05,116875,116875,88640
smr01,2007-06,109410,109410,83330
smr01,2007-07,109040,109040,82255
smr01,2007-08,115780,115780,86865
smr01,2007-09,105770,105770,80635
smr01,2007-10,117000,117000,88145
smr01,2007-11,115445,115445,87585
smr01,2007-12,106500,106500,80080
smr01,2008-01,117100,117100,88525
smr01,2008-02,111695,111695,85615
smr01,2008-03,114080,114080,86425
smr01,2008-04,116135,116135,87745
smr01,2008-05,115800,115800,87130
smr01,2008-06,115650,115650,87230
smr01,2008-07,115040,115040,85940
smr01,2008-08,113520,113520,85650
smr01,2008-09,115650,115650,87120
smr01,2008-10,121025,121025,90070
smr01,2008-11,115045,115045,87340
smr01,2008-12,117000,117000,86945
smr01,2009-01,118625,118625,89705
smr01,2009-02,111865,111865,85725
smr01,2009-03,125645,125645,95535
smr01,2009-04,116935,116935,88095
smr01,2009-05,115900,115900,87370
smr01,2009-06,118060,118060,88870
smr01,2009-07,116300,116300,86960
smr01,2009-08,114970,114970,86305
smr01,2009-09,117890,117890,88315
smr01,2009-10,119280,119280,89005
smr01,2009-11,119715,119715,90250
smr01,2009-12,116720,116720,86415
smr01,2010-01,113310,113310,85015
smr01,2010-02,111015,111015,84465
smr01,2010-03,128440,128440,96290
smr01,2010-04,116880,116880,86205
smr01,2010-05,119890,119890,88665
smr01,2010-06,121855,121855,90395
smr01,2010-07,116515,116515,85285
smr01,2010-08,122145,122145,89840
smr01,2010-09,118805,118805,87870
smr01,2010-10,118435,118435,86525
smr01,2010-11,122165,122165,90555
smr01,2010-12,111435,111435,80765
smr01,2011-01,116800,116800,86905
smr01,2011-02,112980,112980,85000
smr01,2011-03,129660,129660,96095
smr01,2011-04,110960,110960,82160
smr01,2011-05,121495,121495,89375
smr01,2011-06,121630,121630,89810
smr01,2011-07,113510,113510,83305
smr01,2011-08,125080,125080,92005
smr01,2011-09,120525,120525,88660
smr01,2011-10,119670,119670,88080
smr01,2011-11,124405,124405,92085
smr01,2011-12,119410,119410,87475
smr01,2012-01,123280,123280,90510
smr01,2012-02,121715,121715,90525
smr01,2012-03,129800,129800,95865
smr01,2012-04,118525,118525,87125
smr01,2012-05,130090,130090,95260
smr01,2012-06,119880,119880,87790
smr01,2012-07,120355,120355,87320
smr01,2012-08,127855,127855,93110
smr01,2012-09,118465,118465,87240
smr01,2012-10,130115,130115,94685
smr01,2012-11,128005,128005,94255
smr01,2012-12,121735,121735,87080
smr01,2013-01,129620,129620,92455
smr01,2013-02,119840,119840,87380
smr01,2013-03,126690,126690,91225
smr01,2013-04,126970,126970,90990
smr01,2013-05,132150,132150,94275
smr01,2013-06,124560,124560,88505
smr01,2013-07,130500,130500,91220
smr01,2013-08,130110,130110,91730
smr01,2013-09,126265,126265,89665
smr01,2013-10,133595,133595,94425
smr01,2013-11,128815,128815,91955
smr01,2013-12,126970,126970,89175
smr01,2014-01,134260,134260,94975
smr01,2014-02,125230,125230,89780
smr01,2014-03,134875,134875,95685
smr01,2014-04,129460,129460,91345
smr01,2014-05,134425,134425,94945
smr01,2014-06,131825,131825,92815
smr01,2014-07,133920,133920,92235
smr01,2014-08,130115,130115,91260
smr01,2014-09,132900,132900,93345
smr01,2014-10,137530,137530,95670
smr01,2014-11,130565,130565,92730
smr01,2014-12,134595,134595,92605
smr01,2015-01,134960,134960,93345
smr01,2015-02,128400,128400,90280
smr01,2015-03,141830,141830,99015
smr01,2015-04,132855,132855,91695
smr01,2015-05,134800,134800,92190
smr01,2015-06,136920,136920,93620
smr01,2015-07,136700,136700,91455
smr01,2015-08,136470,136470,91920
smr01,2015-09,138145,138145,93705
smr01,2015-10,139620,139620,94280
smr01,2015-11,140750,140750,95855
smr01,2015-12,139895,139895,92435
smr01,2016-01,139900,139900,92595
smr01,2016-02,141270,141270,94435
smr01,2016-03,148790,148790,98470
smr01,2016-04,138060,138060,91680
smr01,2016-05,145285,145285,96475
smr01,2016-06,142205,142205,94015
smr01,2016-07,134885,134885,87795
smr01,2016-08,143330,143330,94730
smr01,2016-09,136710,136710,91585
smr01,2016-10,138085,138085,91825
smr01,2016-11,142090,142090,95535
smr01,2016-12,137255,137255,89815
smr01,2017-01,138795,138795,91700
smr01,2017-02,130540,130540,87885
smr01,2017-03,147770,147770,98040
smr01,2017-04,128220,128220,85515
smr01,2017-05,144045,144045,95515
smr01,2017-06,137545,137545,91630
smr01,2017-07,131350,131350,86125
smr01,2017-08,141460,141460,93595
smr01,2017-09,134785,134785,89405
smr01,2017-10,140455,140455,92740
smr01,2017-11,143315,143315,95445
smr01,2017-12,137490,137490,89385
smr01,2018-01,143040,143040,92810
smr01,2018-02,129400,129400,86825
smr01,2018-03,140090,140090,92215
smr01,2018-04,134905,134905,89335
smr01,2018-05,142975,142975,95300
smr01,2018-06,135205,135205,89945
smr01,2018-07,134175,134175,87455
smr01,2018-08,140910,140910,93320
smr01,2018-09,130410,130410,86545
smr01,2018-10,143080,143080,94435
smr01,2018-11,142940,142940,94665
smr01,2018-12,135525,135525,87995
smr01,2019-01,148045,148045,96480
smr01,2019-02,134830,134830,90060
smr01,2019-03,144205,144205,95765
smr01,2019-04,140580,140580,92085
smr01,2019-05,150320,150320,96820
smr01,2019-06,139580,139580,91300
smr01,2019-07,145875,145875,93745
smr01,2019-08,145820,145820,94555
smr01,2019-09,143180,143180,93765
smr01,2019-10,152525,152525,98240
smr01,2019-11,150055,150055,97630
smr01,2019-12,144450,144450,92280
smr01,2020-01,150455,150455,96630
smr01,2020-02,139715,139715,91240
smr01,2020-03,116295,116295,73805
smr01,2020-04,76210,76210,41820
smr01,2020-05,88705,88705,49650
smr01,2020-06,100770,100770,57710
smr01,2020-07,110795,110795,65080
smr01,2020-08,115880,115880,69700
smr01,2020-09,120890,120890,73620
smr01,2020-10,123220,123220,74975
smr01,2020-11,117520,117520,73055
smr01,2020-12,119235,119235,72430
smr01,2021-01,110895,110895,66480
smr01,2021-02,106430,106430,64615
smr01,2021-03,129430,129430,78970
smr01,2021-04,126635,126635,77850
smr01,2021-05,132380,132380,82070
smr01,2021-06,136350,136350,84620
smr01,2021-07,130910,130910,79855
smr01,2021-08,130370,130370,81410
smr01,2021-09,125255,125255,78190
smr01,2021-10,125465,125465,78475
smr01,2021-11,132005,132005,83175
smr01,2021-12,126530,126530,77890
smr01,2022-01,121120,121120,74840
smr01,2022-02,119320,119320,76025
smr01,2022-03,133125,133125,83575
smr01,2022-04,122145,122145,76105
smr01,2022-05,135675,135675,84590
smr01,2022-06,129655,129655,81650
smr01,2022-07,124905,124905,78525
smr01,2022-08,135295,135295,84805
smr01,2022-09,131880,131880,83340
smr01,2022-10,130840,130840,82660
smr01,2022-11,137135,137135,87050
smr01,2022-12,131560,131560,81660
smr01,2023-01,130460,130460,81880
smr01,2023-02,122190,122190,78245
smr01,2023-03,129650,129650,83075
smr01,2023-04,92145,92145,61870
smr01,2023-05,15060,15060,10560
smr01,2023-06,435,435,395
ssca,-,33945,33945,31165
ssca,1951-05,10,10,10
ssca,2010-01,980,980,970
ssca,2010-02,905,905,895
ssca,2010-03,980,980,975
ssca,2010-04,915,915,910
ssca,2010-05,915,915,910
ssca,2010-06,910,910,895
ssca,2010-07,955,955,950
ssca,2010-08,970,970,960
ssca,2010-09,865,865,855
ssca,2010-10,930,930,925
ssca,2010-11,880,880,870
ssca,2010-12,900,900,895
ssca,2011-01,880,880,880
ssca,2011-02,860,860,855
ssca,2011-03,905,905,895
ssca,2011-04,895,895,890
ssca,2011-05,880,880,875
ssca,2011-06,955,955,945
ssca,2011-07,875,875,870
ssca,2011-08,945,945,940
ssca,2011-09,915,915,910
ssca,2011-10,895,895,880
ssca,2011-11,840,840,825
ssca,2011-12,905,905,900
ssca,2012-01,930,930,925
ssca,2012-02,830,830,825
ssca,2012-03,895,895,885
ssca,2012-04,890,890,885
ssca,2012-05,835,835,825
ssca,2012-06,830,830,830
ssca,2012-07,840,840,835
ssca,2012-08,875,875,865
ssca,2012-09,900,900,890
ssca,2012-10,935,935,925
ssca,2012-11,905,905,905
ssca,2012-12,810,810,805
ssca,2013-01,950,950,945
ssca,2013-02,825,825,820
ssca,2013-03,1030,1030,1015
ssca,2013-04,985,985,980
ssca,2013-05,1035,1035,1025
ssca,2013-06,965,965,960
ssca,2013-07,1025,1025,1010
ssca,2013-08,1025,1025,1015
ssca,2013-09,960,960,955
ssca,2013-10,965,965,960
ssca,2013-11,960,960,950
ssca,2013-12,950,950,940
ssca,2014-01,995,995,985
ssca,2014-02,1000,1000,990
ssca,2014-03,1035,1035,1025
ssca,2014-04,990,990,985
ssca,2014-05,1080,1080,1070
ssca,2014-06,995,995,980
ssca,2014-07,990,990,975
ssca,2014-08,990,990,980
ssca,2014-09,940,940,930
ssca,2014-10,1000,1000,995
ssca,2014-11,920,920,910
ssca,2014-12,915,915,910
ssca,2015-01,995,995,985
ssca,2015-02,895,895,890
ssca,2015-03,970,970,965
ssca,2015-04,965,965,960
ssca,2015-05,965,965,955
ssca,2015-06,1005,1005,1000
ssca,2015-07,995,995,985
ssca,2015-08,1030,1030,1025
ssca,2015-09,1005,1005,995
ssca,2015-10,1030,1030,1020
ssca,2015-11,1035,1035,1035
ssca,2015-12,1010,1010,1000
ssca,2016-01,1055,1055,1040
ssca,2016-02,985,985,975
ssca,2016-03,1050,1050,1045
ssca,2016-04,1005,1005,995
ssca,2016-05,1095,1095,1080
ssca,2016-06,1050,1050,1035
ssca,2016-07,1025,1025,1025
ssca,2016-08,1025,1025,1015
ssca,2016-09,1055,1055,1035
ssca,2016-10,1080,1080,1070
ssca,2016-11,1070,1070,1060
ssca,2016-12,1085,1085,1075
ssca,2017-01,1090,1090,1080
ssca,2017-02,1045,1045,1035
ssca,2017-03,1220,1220,1210
ssca,2017-04,1070,1070,1055
ssca,2017-05,1210,1210,1200
ssca,2017-06,1105,1105,1095
ssca,2017-07,1215,1215,1205
ssca,2017-08,1145,1145,1135
ssca,2017-09,1100,1100,1095
ssca,2017-10,1145,1145,1135
ssca,2017-11,1160,1160,1150
ssca,2017-12,1115,1115,1105
ssca,2018-01,1215,1215,1195
ssca,2018-02,1125,1125,1110
ssca,2018-03,1235,1235,1225
ssca,2018-04,1195,1195,1180
ssca,2018-05,1240,1240,1225
ssca,2018-06,1145,1145,1130
ssca,2018-07,1150,1150,1135
ssca,2018-08,1170,1170,1165
ssca,2018-09,1130,1130,1120
ssca,2018-10,1200,1200,1190
ssca,2018-11,1180,1180,1165
ssca,2018-12,1180,1180,1170
ssca,2019-01,1205,1205,1195
ssca,2019-02,1125,1125,1115
ssca,2019-03,1215,1215,1205
ssca,2019-04,1140,1140,1125
ssca,2019-05,1175,1175,1160
ssca,2019-06,1235,1235,1220
ssca,2019-07,1190,1190,1175
ssca,2019-08,1210,1210,1200
ssca,2019-09,1150,1150,1140
ssca,2019-10,1260,1260,1245
ssca,2019-11,1205,1205,1190
ssca,2019-12,1115,1115,1105
ssca,2020-01,1150,1150,1140
ssca,2020-02,1140,1140,1130
ssca,2020-03,950,950,945
ssca,2020-04,920,920,910
ssca,2020-05,1075,1075,1065
ssca,2020-06,1145,1145,1130
ssca,2020-07,1175,1175,1155
ssca,2020-08,1180,1180,1160
ssca,2020-09,1150,1150,1140
ssca,2020-10,1255,1255,1240
ssca,2020-11,1105,1105,1095
ssca,2020-12,1110,1110,1095
ssca,2021-01,1145,1145,1130
ssca,2021-02,1160,1160,1150
ssca,2021-03,1355,1355,1340
ssca,2021-04,1310,1310,1295
ssca,2021-05,1280,1280,1265
ssca,2021-06,1340,1340,1320
ssca,2021-07,1290,1290,1270
ssca,2021-08,1245,1245,1235
ssca,2021-09,1175,1175,1165
ssca,2021-10,1210,1210,1195
ssca,2021-11,1270,1270,1260
ssca,2021-12,1290,1290,1265
ssca,2022-01,1240,1240,1230
ssca,2022-02,1185,1185,1170
ssca,2022-03,1275,1275,1270
ssca,2022-04,1250,1250,1235
ssca,2022-05,1370,1370,1345
ssca,2022-06,1265,1265,1250
ssca,2022-07,1310,1310,1290
ssca,2022-08,1300,1300,1285
ssca,2022-09,1205,1205,1195
ssca,2022-10,1250,1250,1235
ssca,2022-11,1280,1280,1265
ssca,2022-12,1205,1205,1200
ssca,2023-01,1115,1115,1100
ssca,2023-02,1040,1040,1025
ssca,2023-03,1020,1020,1015
ssca,2023-04,870,870,860
ssca,2023-05,935,935,925
ssca,2023-06,535,535,530
vaccination,1899-12,10,10,10
vaccination,1900-01,10,10,10
vaccination,1930-04,10,10,10
vaccination,1932-10,10,10,10
vaccination,1937-10,10,10,10
vaccination,1939-02,10,10,10
vaccination,1939-06,10,10,10
vaccination,1941-07,10,10,10
vaccination,1944-01,10,10,10
vaccination,1944-05,10,10,10
vaccination,1944-08,10,10,10
vaccination,1947-03,10,10,10
vaccination,1981-05,10,10,10
vaccination,1984-08,10,10,10
vaccination,2000-02,10,10,10
vaccination,2001-01,10,10,10
vaccination,2001-06,10,10,10
vaccination,2011-02,10,10,10
vaccination,2012-01,10,10,10
vaccination,2012-03,10,10,10
vaccination,2020-01,10,10,10
vaccination,2020-03,10,10,10
vaccination,2020-04,10,10,10
vaccination,2020-05,10,10,10
vaccination,2020-06,455,455,450
vaccination,2020-07,10,10,10
vaccination,2020-08,190,190,185
vaccination,2020-09,395,395,385
vaccination,2020-10,580,580,520
vaccination,2020-11,625,625,580
vaccination,2020-12,121460,121460,119490
vaccination,2021-01,500690,500690,495570
vaccination,2021-02,1112845,1112845,1104215
vaccination,2021-03,1223885,1223885,1215365
vaccination,2021-04,1211920,1211920,1202410
vaccination,2021-05,1262430,1262430,1258830
vaccination,2021-06,1201700,1201700,1198130
vaccination,2021-07,671855,671855,669045
vaccination,2021-08,592290,592290,590190
vaccination,2021-09,361340,361340,319195
vaccination,2021-10,913415,913415,907080
vaccination,2021-11,1042275,1042275,1036365
vaccination,2021-12,1383930,1383930,1378555
vaccination,2022-01,481475,481475,478470
vaccination,2022-02,189910,189910,188660
vaccination,2022-03,170300,170300,168865
vaccination,2022-04,383730,383730,382760
vaccination,2022-05,207885,207885,207665
vaccination,2022-06,98560,98560,98405
vaccination,2022-07,58490,58490,58305
vaccination,2022-08,30770,30770,30675
vaccination,2022-09,459505,459505,458895
vaccination,2022-10,809850,809850,809180
vaccination,2022-11,608890,608890,608240
vaccination,2022-12,154950,154950,154585
vaccination,2023-01,28175,28175,28035
vaccination,2023-02,10255,10255,10195
vaccination,2023-03,17435,17435,17370
vaccination,2023-04,218580,218580,218360
vaccination,2023-05,211320,211320,211180
vaccination,2023-06,55010,55010,54920
vaccination,2023-07,920,920,920
